Demand,DemandVarGroup,Margin,COGS,Capacity,Substitutability group,ProductID,c,d,loc,scale,OptimalSurplus
5702.0,3,167.676110754506,36.5,0.15,0,P0,4,2,0,2,372.60205823334593
58512.0,2,180.1802919524478,36.9,0.15,0,P1,3,4,0,2,1168.5889632084647
12332.0,3,120.7451532842032,28.7,100.0,0,P2,4,2,0,2,685483.8018441754
8493.0,3,95.47196550495823,43.5,0.15,0,P3,4,2,0,2,10.926260223847855
68762.0,4,245.1112338519388,46.8,100.0,0,P4,3,2,0,1,2679617.6640462386
6418.0,0,226.114222643098,39.1,100.0,0,P5,2,25,0,7,604084.2435144346
11438.0,3,87.98118602282328,45.5,100.0,1,P6,4,2,0,2,547868.8798774153
67309.0,1,209.6473906150528,32.7,0.15,1,P7,2,4,0,2,8947.418242579588
78174.0,3,151.7599876422161,51.5,0.15,2,P8,4,2,0,2,2778.3185380501786
49381.0,2,176.4094966998833,36.0,100.0,2,P9,3,4,0,2,1213503.264619217
10009.0,5,204.8343365528102,41.1,100.0,2,P10,9,1,-1,2,528019.3215102465
468.0,5,150.3217767842061,51.0,100.0,2,P11,9,1,-1,2,29218.668993001356
22115.0,1,51.64515063552788,31.1,0.0,2,P12,2,4,0,2,0.0
86460.0,5,183.0287839644855,42.1,100.0,3,P13,9,1,-1,2,8362363.100562583
276.0,4,257.6252645731133,43.9,0.15,3,P14,3,2,0,1,30.533317483333686
40721.0,1,290.4518454151577,40.8,100.0,3,P15,2,4,0,2,12786.920293952511
50171.0,4,262.2932254937373,49.5,100.0,3,P16,3,2,0,1,798968.8498615989
25128.0,5,109.5589883635058,55.7,100.0,4,P17,9,1,-1,2,223397.55804985284
69869.0,1,238.1146619720815,32.9,0.15,4,P18,2,4,0,2,7350.086073163472
18154.0,4,137.7781967742805,43.5,0.15,5,P19,3,2,0,1,448.61696723224765
99596.0,4,213.9266525705732,44.9,0.15,5,P20,3,2,0,1,7806.519337157423
66276.0,1,116.4863388935543,35.6,100.0,6,P21,2,4,0,2,3683980.517683395
47347.0,1,41.27708536112112,37.8,0.15,6,P22,2,4,0,2,1364.3739050221716
33613.0,3,190.2297902710968,49.8,0.15,6,P23,4,2,0,2,3402.3947454653603
34919.0,4,184.464875685995,37.2,0.15,7,P24,3,2,0,1,3049.481329377295
61643.0,5,191.3746243442818,36.1,0.15,7,P25,9,1,-1,2,6022.556403854099
82514.0,1,73.86920074861527,51.4,100.0,7,P26,2,4,0,2,139400.93097936903
44077.0,5,186.6089137944466,38.3,0.15,7,P27,9,1,-1,2,591.8344769299031
63985.0,1,137.3428273110042,39.6,0.15,8,P28,2,4,0,2,1923.5338522835839
57055.0,1,213.8138398185014,43.8,100.0,8,P29,2,4,0,2,2128249.4271705337
57074.0,5,68.12578750123983,56.1,0.0,9,P30,9,1,-1,2,0.0
49797.0,1,226.43916241749,44.7,0.0,9,P31,2,4,0,2,0.0
81197.0,3,252.5441497382666,47.9,100.0,9,P32,4,2,0,2,7539977.740195439
81854.0,0,75.73435935865749,49.3,0.15,9,P33,2,25,0,7,11641.511753187075
10816.0,0,279.3328638542139,40.4,0.15,9,P34,2,25,0,7,254.5964084161325
17950.0,0,131.9304705235579,36.3,100.0,10,P35,2,25,0,7,88264.95946486562
6973.0,1,199.695966003223,48.8,0.0,11,P36,2,4,0,2,0.0
79404.0,2,225.0454996508261,42.7,0.15,11,P37,3,4,0,2,4509.488345747048
68818.0,2,109.6876539150401,34.6,0.15,12,P38,3,4,0,2,2077.0856813770383
22962.0,3,100.9728290391834,37.8,100.0,13,P39,4,2,0,2,279394.0735464113
2726.0,1,136.289488277371,43.8,0.0,14,P40,2,4,0,2,0.0
5440.0,3,239.4223565912289,41.9,100.0,14,P41,4,2,0,2,433363.2549686636
82182.0,2,61.71726935557189,40.9,100.0,14,P42,3,4,0,2,1695411.650916607
47719.0,5,193.85874374029,44.2,100.0,14,P43,9,1,-1,2,4749268.679750611
85247.0,0,143.9599880861988,51.2,0.15,15,P44,2,25,0,7,2881.5833014567534
11090.0,0,67.01354674555067,38.9,0.0,15,P45,2,25,0,7,0.0
29270.0,0,63.62566248424945,39.2,0.15,15,P46,2,25,0,7,3010.038485457371
12733.0,5,76.02059061217645,30.9,0.15,16,P47,9,1,-1,2,421.7368536744766
1086.0,4,232.4850436375135,45.8,0.15,16,P48,3,2,0,1,147.4886380397826
16937.0,0,190.9091053165529,44.8,0.15,16,P49,2,25,0,7,1760.4930169746413
96900.0,4,290.2254170589761,48.4,0.15,17,P50,3,2,0,1,9901.688242379121
84514.0,2,195.7696306564763,51.7,100.0,17,P51,3,4,0,2,1257753.2713121544
88486.0,3,253.2459797351315,50.5,100.0,18,P52,4,2,0,2,1244321.6506111731
12418.0,2,154.3383586148979,39.6,100.0,18,P53,3,4,0,2,260125.36335423787
71146.0,2,240.1678110288029,44.8,0.15,19,P54,3,4,0,2,5341.000028604441
58628.0,4,235.4708280573356,48.6,0.15,19,P55,3,2,0,1,7832.301215196008
79920.0,2,153.5480835110024,45.9,0.15,19,P56,3,4,0,2,3487.7833483118357
62971.0,4,95.04195516593408,39.8,0.15,19,P57,3,2,0,1,5745.550975277212
54701.0,3,123.1125912398937,46.6,0.15,19,P58,4,2,0,2,7973.4754400423
92276.0,2,102.5191078282186,46.5,0.15,20,P59,3,4,0,2,9878.140941524747
93352.0,3,192.6148924151466,46.3,100.0,21,P60,4,2,0,2,8822758.68894632
9143.0,2,194.7320298049726,43.7,0.15,21,P61,3,4,0,2,1259.4911238052407
57017.0,2,219.8813760632628,43.3,100.0,21,P62,3,4,0,2,2416906.056552579
33801.0,1,268.6014368149132,36.0,100.0,21,P63,2,4,0,2,262735.45564120344
64903.0,2,184.5436488046924,52.4,0.15,22,P64,3,4,0,2,1988.0073789218857
82995.0,4,271.4368433666997,44.4,100.0,23,P65,3,2,0,1,6941837.598312076
45405.0,2,257.9483474574351,31.4,100.0,23,P66,3,4,0,2,584961.7847134427
38256.0,0,61.63020516262942,47.3,100.0,23,P67,2,25,0,7,605126.2925808914
62644.0,4,147.5479411091153,48.9,100.0,23,P68,3,2,0,1,4050425.8676225133
5795.0,3,122.2726447015674,21.4,0.0,23,P69,4,2,0,2,0.0
64094.0,4,74.19644284305014,36.6,0.15,23,P70,3,2,0,1,7428.448534657614
31020.0,1,72.16581382284244,50.6,0.15,24,P71,2,4,0,2,1104.2051531113257
56790.0,5,87.80920463020374,47.2,0.15,25,P72,9,1,-1,2,3321.751324694389
87853.0,3,93.90229525233931,39.9,100.0,26,P73,4,2,0,2,1762003.086530111
58893.0,1,105.311252635291,40.5,100.0,26,P74,2,4,0,2,1928075.164301635
16930.0,4,88.6923202955328,37.2,0.15,27,P75,3,2,0,1,907.7978237870918
29463.0,4,270.9551907800329,52.3,100.0,27,P76,3,2,0,1,1215873.4947080752
80799.0,3,152.911111177073,50.0,100.0,28,P77,4,2,0,2,3588030.241304551
4661.0,4,39.6221483244363,28.1,100.0,28,P78,3,2,0,1,374271.0194517412
11049.0,2,282.4954348277138,32.6,0.15,28,P79,3,4,0,2,35.533982829501404
40188.0,2,63.64342509864336,37.5,100.0,29,P80,3,4,0,2,1680392.203223725
70558.0,3,92.83978104004387,25.4,0.0,30,P81,4,2,0,2,0.0
12909.0,3,65.87853658199131,35.0,100.0,30,P82,4,2,0,2,14678.785265383489
59934.0,2,146.7867423526215,41.4,0.15,30,P83,3,4,0,2,5460.880272793951
8776.0,5,188.4174525363854,47.6,0.15,31,P84,9,1,-1,2,630.8212082190518
67842.0,3,92.72410321091468,52.1,100.0,31,P85,4,2,0,2,2782433.401068169
58061.0,1,57.82452853240284,58.9,0.15,32,P86,2,4,0,2,5812.2529143350985
66355.0,4,74.93006914743188,48.5,0.15,32,P87,3,2,0,1,2078.8892535819336
42616.0,3,45.01157945994674,50.9,100.0,32,P88,4,2,0,2,323967.4560746413
57736.0,2,184.1052896945026,30.9,0.15,32,P89,3,4,0,2,2569.718486179483
89324.0,0,234.7479101260304,50.6,100.0,32,P90,2,25,0,7,2974237.835157593
23088.0,1,109.3996003468971,43.6,100.0,33,P91,2,4,0,2,300217.8311514427
5037.0,2,147.724282121514,47.5,0.15,34,P92,3,4,0,2,343.9565486821879
18218.0,5,195.1987547656445,51.3,100.0,34,P93,9,1,-1,2,587508.7706770239
67360.0,5,216.8598687645051,28.8,100.0,35,P94,9,1,-1,2,2755728.948601179
84026.0,4,183.7805719588142,51.0,100.0,35,P95,3,2,0,1,1690728.3490774445
25698.0,2,152.7697464406876,40.6,100.0,35,P96,3,4,0,2,2034240.6244201113
15833.0,2,202.6856446082822,44.5,0.15,36,P97,3,4,0,2,2150.7557563487826
60023.0,1,286.8683617209867,51.6,0.15,36,P98,2,4,0,2,3849.757617905974
2954.0,1,208.9486745843119,39.5,0.0,36,P99,2,4,0,2,0.0
56315.0,5,135.2552975436791,24.3,0.15,37,P100,9,1,-1,2,7836.4121331221195
1570.0,1,102.9848514052628,41.3,0.15,37,P101,2,4,0,2,61.63402640126561
2136.0,5,174.9856540139064,48.7,100.0,38,P102,9,1,-1,2,168561.53628743647
34140.0,2,91.87448842243228,45.6,0.15,39,P103,3,4,0,2,4923.713474807671
66926.0,5,109.9691379622095,42.0,100.0,39,P104,9,1,-1,2,2473613.0314512383
25869.0,1,90.26368813084602,48.4,0.15,40,P105,2,4,0,2,904.6695006563235
80764.0,3,209.3827254936251,41.9,100.0,41,P106,4,2,0,2,3633691.223931365
38492.0,1,120.9196685673224,47.2,0.15,42,P107,2,4,0,2,4675.544555855208
92822.0,4,97.42517884363085,38.4,100.0,42,P108,3,2,0,1,5714320.6870935885
3676.0,3,269.3307209695247,37.3,0.0,43,P109,4,2,0,2,0.0
61572.0,4,254.6364745666875,41.5,100.0,44,P110,3,2,0,1,3452385.0804305114
34098.0,1,183.2733689950946,29.9,0.15,44,P111,2,4,0,2,2775.99014986478
43332.0,2,154.9150696612255,39.1,100.0,44,P112,3,4,0,2,411381.82226498454
54509.0,4,172.6938161208927,43.1,0.15,44,P113,3,2,0,1,7092.360469939699
9256.0,3,153.3725391459031,47.2,100.0,45,P114,4,2,0,2,206913.19591492368
98678.0,3,205.7271328023646,41.9,100.0,45,P115,4,2,0,2,4748382.541303044
70468.0,4,75.45959536536918,31.9,100.0,46,P116,3,2,0,1,3174992.5224797386
49485.0,5,135.7216764128761,51.0,100.0,47,P117,9,1,-1,2,1720059.5998782644
30873.0,1,126.2867648116141,50.5,0.15,47,P118,2,4,0,2,2754.1903346344875
39907.0,2,106.8160221416946,33.9,100.0,48,P119,3,4,0,2,2665330.4277894604
60843.0,2,122.1790275371304,39.2,0.15,48,P120,3,4,0,2,4320.757343813296
97143.0,3,84.81835523398193,41.9,0.15,49,P121,4,2,0,2,566.9182324073
71147.0,0,120.8720050671942,33.7,100.0,49,P122,2,25,0,7,4324085.885183576
89426.0,0,185.5667769105263,36.2,100.0,50,P123,2,25,0,7,3782380.4549401253
4680.0,0,194.7094352553455,49.7,0.15,50,P124,2,25,0,7,542.8967160090973
15085.0,4,217.8421305653379,38.7,0.15,50,P125,3,2,0,1,26.532268520961424
67431.0,1,203.7339588712276,37.4,0.15,50,P126,2,4,0,2,6457.753560630299
62446.0,3,206.8422273451137,48.9,100.0,50,P127,4,2,0,2,3876771.533396237
25458.0,4,283.78157000588,37.3,100.0,51,P128,3,2,0,1,2359590.9873525836
41835.0,0,132.9748972635847,51.0,0.15,51,P129,2,25,0,7,1303.3753350116287
24769.0,2,89.13038247807744,35.8,0.15,51,P130,3,4,0,2,3169.3242679873933
78360.0,3,212.1373168529962,29.7,0.15,52,P131,4,2,0,2,8980.439555368888
1042.0,0,95.25130548767497,37.5,100.0,53,P132,2,25,0,7,73507.2047536223
43044.0,3,96.71898070854141,50.6,0.0,53,P133,4,2,0,2,0.0
20268.0,0,265.5636486189928,41.4,0.0,53,P134,2,25,0,7,0.0
94482.0,2,274.526328937252,43.7,0.15,53,P135,3,4,0,2,11097.214189058157
38884.0,4,177.5865375540871,29.5,100.0,53,P136,3,2,0,1,3831172.727396198
69245.0,3,275.0095714817487,29.8,100.0,53,P137,4,2,0,2,4158864.782696237
60562.0,4,58.34526786493228,36.4,0.15,53,P138,3,2,0,1,2154.513631076236
70058.0,2,259.4431349347071,48.7,100.0,53,P139,3,4,0,2,6224055.298007215
30648.0,5,49.36891025555325,38.9,100.0,53,P140,9,1,-1,2,2782524.989888169
44702.0,1,63.30746423944146,58.6,0.15,53,P141,2,4,0,2,5152.415559504647
40823.0,5,122.1533732441508,52.5,100.0,54,P142,9,1,-1,2,2054573.6607969466
46287.0,2,280.7774846589911,25.2,0.15,54,P143,3,4,0,2,1174.8437105612554
57944.0,2,285.9578203912559,25.3,0.0,55,P144,3,4,0,2,0.0
82930.0,2,174.9018378557591,43.6,100.0,55,P145,3,4,0,2,126024.98103505482
89185.0,2,217.2081411258573,45.6,0.15,55,P146,3,4,0,2,13342.730175370287
47212.0,3,256.915185847527,49.7,0.15,56,P147,4,2,0,2,2761.6530884108006
71560.0,5,161.6241997231542,40.7,0.15,57,P148,9,1,-1,2,1431.1441615118285
57099.0,3,225.1204480186248,32.9,100.0,57,P149,4,2,0,2,2896298.3429509415
66395.0,1,220.5996456207784,46.2,100.0,58,P150,2,4,0,2,2499143.0087707164
45791.0,3,148.8253635705594,40.8,100.0,58,P151,4,2,0,2,214418.4491171333
30552.0,0,97.6876441694441,46.8,0.15,58,P152,2,25,0,7,3194.2103594538744
5088.0,2,113.0499573561518,39.6,100.0,58,P153,3,4,0,2,136311.2240333711
11159.0,1,114.9525915332607,26.3,100.0,58,P154,2,4,0,2,1048611.2761390568
92269.0,5,118.5764002944024,36.7,0.15,58,P155,9,1,-1,2,897.1869522557718
66135.0,0,264.2135888773505,35.6,0.15,58,P156,2,25,0,7,4065.9087697179525
53009.0,0,258.8855481784238,38.1,0.0,58,P157,2,25,0,7,0.0
86682.0,5,279.6494783221744,29.8,100.0,58,P158,9,1,-1,2,7330841.244756379
21124.0,1,185.7774282618205,37.4,0.15,58,P159,2,4,0,2,1075.2253999469485
73729.0,4,49.77021578061246,40.1,0.15,58,P160,3,2,0,1,1012.2743865151757
53587.0,5,187.5453785212826,36.8,100.0,59,P161,9,1,-1,2,376438.8151224122
23088.0,3,137.8096405897288,46.8,0.15,59,P162,4,2,0,2,2675.5001280642928
70312.0,0,76.84623586561335,41.3,100.0,60,P163,2,25,0,7,1998066.3203478106
29114.0,3,110.8195587285189,39.6,100.0,60,P164,4,2,0,2,454820.2253524158
37922.0,3,182.5526319917626,42.6,100.0,61,P165,4,2,0,2,718972.6534702939
77410.0,0,213.3633106791008,36.0,0.15,61,P166,2,25,0,7,7354.463746728673
32172.0,1,199.0440350919916,44.3,100.0,61,P167,2,4,0,2,1056466.0584473743
77146.0,5,193.5548820910034,49.1,0.15,61,P168,9,1,-1,2,5000.324783102871
49151.0,1,208.3958842978861,50.1,0.15,61,P169,2,4,0,2,3773.0579357204438
67089.0,2,72.35248092265041,41.9,0.0,61,P170,3,4,0,2,0.0
25225.0,3,251.148956338175,40.6,0.15,62,P171,4,2,0,2,876.4038440849663
7402.0,5,140.5113732668244,51.0,0.15,62,P172,9,1,-1,2,235.03662342101487
33756.0,5,271.4176487028669,41.9,0.15,63,P173,9,1,-1,2,4680.728174401771
34424.0,3,125.8534351316152,53.8,100.0,63,P174,4,2,0,2,100216.27568200447
11265.0,5,211.1607601271284,38.3,100.0,64,P175,9,1,-1,2,1087126.6924391442
55305.0,2,91.38657307984221,41.2,100.0,64,P176,3,4,0,2,2474873.896324872
9640.0,4,65.068557696937,35.6,0.15,64,P177,3,2,0,1,765.2927105444501
38210.0,0,67.76575644650181,45.4,0.0,64,P178,2,25,0,7,0.0
91122.0,1,172.6553063850195,47.8,100.0,65,P179,2,4,0,2,4079601.5919594006
49938.0,2,247.5220921799277,50.8,0.15,65,P180,3,4,0,2,7390.119112378617
59350.0,0,228.2944452224286,34.9,100.0,66,P181,2,25,0,7,1614009.328398956
88445.0,2,168.1638343216227,34.8,100.0,66,P182,3,4,0,2,3489413.2150437804
74541.0,2,42.12876460013754,50.5,0.15,67,P183,3,4,0,2,7804.786217868647
67385.0,2,68.6069242259568,46.0,0.0,67,P184,3,4,0,2,0.0
20062.0,1,288.5593421580146,39.5,100.0,68,P185,2,4,0,2,124409.07202328491
32525.0,2,51.12302727969018,56.1,100.0,69,P186,3,4,0,2,234582.22813996213
26942.0,5,204.9384610909196,34.9,0.15,70,P187,9,1,-1,2,2383.6755270206113
82221.0,1,218.3080719314326,46.3,0.15,71,P188,2,4,0,2,1477.606327036096
8331.0,4,90.68041969437836,53.2,0.15,72,P189,3,2,0,1,979.3352798115999
15229.0,2,121.1786442237809,50.8,0.15,73,P190,3,4,0,2,779.9954392765965
94947.0,4,156.6995806236567,48.4,100.0,73,P191,3,2,0,1,5677297.6921365755
35230.0,1,272.4433272040623,48.3,100.0,73,P192,2,4,0,2,56753.24435617681
26125.0,3,121.9455936041985,39.3,0.15,74,P193,4,2,0,2,1736.857194623845
95148.0,1,63.23893352028165,26.8,100.0,75,P194,2,4,0,2,7952833.459451225
4490.0,3,164.5351168995219,48.1,100.0,76,P195,4,2,0,2,77272.91629341921
14054.0,1,279.0051799583471,50.0,0.0,76,P196,2,4,0,2,0.0
88921.0,1,270.9798008067812,50.9,100.0,77,P197,2,4,0,2,392912.80957458436
19079.0,1,131.232399984443,45.9,0.15,78,P198,2,4,0,2,2628.7508335728776
93143.0,3,171.5125673216191,43.7,0.15,78,P199,4,2,0,2,5357.822196205593
41121.0,0,145.3149328405362,35.8,0.15,79,P200,2,25,0,7,18.204584021658782
5591.0,4,85.71374219763734,50.7,0.15,79,P201,3,2,0,1,214.94631171664903
42292.0,2,127.8971390725314,41.5,100.0,80,P202,3,4,0,2,524424.7943485263
51111.0,2,168.8706701390764,48.5,0.15,80,P203,3,4,0,2,5907.816313996656
41641.0,2,244.9781866042515,46.9,0.15,80,P204,3,4,0,2,2883.372861649071
33669.0,3,206.4147364657556,36.3,0.15,80,P205,4,2,0,2,2479.230128769959
90404.0,4,87.09371824663593,41.2,100.0,80,P206,3,2,0,1,8932172.500115355
3900.0,0,46.62784719205979,40.5,100.0,81,P207,2,25,0,7,104504.16225837673
5906.0,1,212.7120333452231,40.8,100.0,82,P208,2,4,0,2,582024.9148426808
48760.0,0,162.5963150924925,31.2,100.0,82,P209,2,25,0,7,2239789.3237792426
50864.0,0,263.4201153252685,36.6,100.0,82,P210,2,25,0,7,3940824.604708494
35945.0,3,233.0551795555958,40.0,100.0,82,P211,4,2,0,2,17946.19126684178
94055.0,4,167.2820943428824,53.0,100.0,83,P212,3,2,0,1,3282387.645316519
92260.0,1,41.43040739054084,39.1,0.15,83,P213,2,4,0,2,11937.502556226222
50139.0,5,249.8033208750875,50.4,100.0,83,P214,9,1,-1,2,2102225.056049294
83255.0,4,156.663328761562,41.9,0.15,84,P215,3,2,0,1,9311.290594829325
56318.0,1,217.1676899427899,45.7,0.15,84,P216,2,4,0,2,8321.33075046726
84925.0,2,205.8307626191238,36.9,100.0,85,P217,3,4,0,2,831684.6190760209
9139.0,1,136.3967635663182,37.5,0.15,85,P218,2,4,0,2,489.96545995393586
46440.0,0,287.2387008912896,24.9,100.0,85,P219,2,25,0,7,4040764.249003256
88271.0,1,111.4938544560151,37.9,100.0,86,P220,2,4,0,2,1542890.7584388528
30854.0,5,270.2679161802827,47.8,100.0,86,P221,9,1,-1,2,2135779.4989988795
44288.0,0,100.4793505493467,40.2,100.0,86,P222,2,25,0,7,1119026.5129083043
41586.0,3,82.07567006779121,46.4,0.15,87,P223,4,2,0,2,4772.2257712312185
63345.0,2,216.8892596143188,42.8,0.15,87,P224,3,4,0,2,413.6991619820784
84286.0,4,91.65248697078252,50.7,100.0,87,P225,3,2,0,1,7241312.675009209
9109.0,0,265.1230703700489,47.2,100.0,87,P226,2,25,0,7,783865.5729244926
40892.0,5,227.2351009363637,38.9,0.15,87,P227,9,1,-1,2,683.7828540991948
21964.0,1,80.70875505993439,47.2,0.0,88,P228,2,4,0,2,0.0
81629.0,0,274.3251158736821,35.0,100.0,89,P229,2,25,0,7,251829.63533002557
89651.0,4,265.4046473698813,47.2,100.0,90,P230,3,2,0,1,7197267.032038163
10372.0,4,96.19789345954426,45.1,0.15,91,P231,3,2,0,1,1192.4449181401649
28549.0,4,247.4578075313789,50.7,100.0,91,P232,3,2,0,1,1546644.6992730447
52665.0,3,199.0850166234104,42.4,0.15,91,P233,4,2,0,2,378.56670572790074
75194.0,1,58.66950732775429,51.9,100.0,92,P234,2,4,0,2,4584905.644209009
86233.0,4,186.9942375856961,51.4,0.15,92,P235,3,2,0,1,2290.83919620927
5907.0,1,92.42380177704248,46.0,100.0,92,P236,2,4,0,2,370272.58253140043
43964.0,0,166.1994430553578,45.8,100.0,93,P237,2,25,0,7,3183966.142036324
25427.0,1,250.31401249486,45.1,0.15,93,P238,2,4,0,2,3257.9020354486174
89170.0,3,232.8385997109818,35.3,0.15,93,P239,4,2,0,2,5215.041788615942
82929.0,2,257.58867414532,38.7,0.15,93,P240,3,4,0,2,10844.957002899851
66796.0,4,107.3105032454532,40.7,100.0,94,P241,3,2,0,1,4165154.759007768
29253.0,1,123.9803240543975,56.5,0.15,95,P242,2,4,0,2,3086.741051891461
10326.0,5,95.25639457024059,53.4,0.15,96,P243,9,1,-1,2,1521.861635071193
28783.0,5,285.8338281657922,36.6,100.0,96,P244,9,1,-1,2,1219.0926015873144
18123.0,5,63.99930721316454,39.4,0.15,96,P245,9,1,-1,2,1741.8444490160405
51784.0,5,74.37870554843238,44.6,0.15,97,P246,9,1,-1,2,7586.165211256398
76284.0,3,116.4521420681118,48.9,100.0,98,P247,4,2,0,2,5392335.64779737
54071.0,4,161.1571391706229,54.8,100.0,98,P248,3,2,0,1,81106.6316297001
18799.0,4,237.1990468508105,27.8,100.0,99,P249,3,2,0,1,1672933.7013335305
9644.0,4,106.9952169170384,31.7,0.0,99,P250,3,2,0,1,0.0
59990.0,1,61.12452172220381,38.0,0.15,99,P251,2,4,0,2,4063.835888461669
8497.0,4,60.33790640595038,41.7,100.0,100,P252,3,2,0,1,732753.8679044341
38285.0,2,247.9050376612309,40.8,100.0,100,P253,3,4,0,2,2297515.3332826034
14098.0,4,287.3581129733138,31.0,100.0,100,P254,3,2,0,1,623784.4895182309
91490.0,4,153.1916179306114,48.1,100.0,100,P255,3,2,0,1,5973541.185574979
29098.0,0,171.6415212282673,49.8,100.0,100,P256,2,25,0,7,2879162.1229940793
49230.0,2,64.71531278620964,48.5,0.15,101,P257,3,4,0,2,5858.494210932188
62126.0,1,103.052535552791,29.9,0.15,102,P258,2,4,0,2,7608.406847792431
66229.0,1,213.0380294012039,51.4,100.0,103,P259,2,4,0,2,4811205.075658069
26968.0,1,286.2990801962154,42.5,0.15,103,P260,2,4,0,2,604.491856247263
16522.0,4,183.903813217857,43.3,0.0,103,P261,3,2,0,1,0.0
49877.0,1,226.0816778457383,40.0,0.0,103,P262,2,4,0,2,0.0
35433.0,5,122.756498986288,47.1,0.15,104,P263,9,1,-1,2,4139.719520223921
1742.0,5,185.2438764855722,38.6,0.0,104,P264,9,1,-1,2,0.0
43839.0,4,101.6032427476439,28.9,0.0,104,P265,3,2,0,1,0.0
98926.0,5,288.1326216751128,40.1,0.15,104,P266,9,1,-1,2,9919.291506674139
95813.0,5,56.9481405744853,52.8,0.0,104,P267,9,1,-1,2,0.0
16844.0,1,63.2885353710101,49.1,0.15,105,P268,2,4,0,2,1494.4067343112097
71531.0,2,86.15804445592138,50.3,100.0,106,P269,3,4,0,2,1215341.9112882977
80164.0,3,225.3609777480481,52.5,0.15,107,P270,4,2,0,2,11483.554769623088
32347.0,2,255.6136093912198,49.2,100.0,108,P271,3,4,0,2,1086754.2867084998
2973.0,1,138.9640957335805,26.7,0.15,109,P272,2,4,0,2,292.26591348676334
64669.0,4,111.300786109971,38.3,0.15,109,P273,3,2,0,1,3997.690655829898
54988.0,4,122.4487826700273,36.7,100.0,109,P274,3,2,0,1,693734.9304606272
79041.0,2,54.76177252583376,32.1,0.15,109,P275,3,4,0,2,5845.30136130477
29630.0,2,262.3812839114952,37.0,0.15,110,P276,3,4,0,2,3532.731501569898
96529.0,1,140.271259533417,49.2,0.15,110,P277,2,4,0,2,10563.078372703983
64549.0,3,123.1774026366196,37.6,100.0,111,P278,4,2,0,2,1336833.444480051
13544.0,4,140.0231448586235,41.8,100.0,111,P279,3,2,0,1,1057109.8763550397
20621.0,0,238.6776890899467,43.0,0.15,111,P280,2,25,0,7,281.03858566148483
28542.0,5,175.6131762728939,41.0,0.15,111,P281,9,1,-1,2,3701.2401756642876
20244.0,4,106.0658150439392,41.9,100.0,111,P282,3,2,0,1,237491.09525738793
78481.0,4,104.9691568580944,50.5,100.0,112,P283,3,2,0,1,4964226.282495109
35611.0,3,170.5954955886164,29.9,0.15,112,P284,4,2,0,2,578.4915877186922
40652.0,1,247.6984575714907,49.4,0.15,113,P285,2,4,0,2,5362.837509657221
56032.0,4,239.0773197341152,48.0,0.0,114,P286,3,2,0,1,0.0
41142.0,1,282.592552828304,46.6,0.15,114,P287,2,4,0,2,2071.111094425796
3950.0,0,61.45032540205051,37.8,0.15,114,P288,2,25,0,7,529.618462027888
77905.0,1,46.89670137907406,39.5,100.0,115,P289,2,4,0,2,668729.4332327017
92659.0,0,106.2137719215652,46.3,100.0,116,P290,2,25,0,7,4206041.775553274
41653.0,4,288.3850987059304,50.7,100.0,117,P291,3,2,0,1,630899.3723430547
86315.0,5,213.0415627354574,51.6,0.0,117,P292,9,1,-1,2,0.0
37989.0,4,176.6637236878295,39.2,0.15,117,P293,3,2,0,1,4814.798079383521
37216.0,2,163.9468294645677,47.7,0.15,118,P294,3,4,0,2,4508.111765394121
56808.0,1,41.67278427646375,46.1,0.0,118,P295,2,4,0,2,0.0
64560.0,3,162.60050362021,44.8,0.15,118,P296,4,2,0,2,979.3481357523199
28657.0,4,167.6678139272599,36.6,100.0,118,P297,3,2,0,1,1500951.4160088191
27351.0,5,94.67872615109988,56.0,0.15,118,P298,9,1,-1,2,3699.882443699843
62283.0,4,192.9207465421334,53.6,100.0,119,P299,3,2,0,1,4487281.4433751805
56279.0,2,167.3438859887785,45.1,0.15,120,P300,3,4,0,2,6119.549681064939
87453.0,5,60.352096942477,49.5,0.15,120,P301,9,1,-1,2,3819.0468682780565
41241.0,0,190.0564642727327,44.4,100.0,121,P302,2,25,0,7,1506198.927902139
70132.0,4,232.0254816271147,37.6,0.0,122,P303,3,2,0,1,0.0
36192.0,4,158.5972313477469,25.2,0.15,122,P304,3,2,0,1,4959.43273101098
92961.0,3,192.3140847939613,35.1,100.0,122,P305,4,2,0,2,6519308.7199622225
4149.0,5,272.2892780903137,49.7,0.15,123,P306,9,1,-1,2,172.735799922682
23508.0,3,150.3423512181749,41.5,100.0,123,P307,4,2,0,2,1172692.3904376216
69237.0,4,187.55786840901,36.1,100.0,123,P308,3,2,0,1,5754982.776298756
12707.0,5,133.4646990162917,38.3,100.0,124,P309,9,1,-1,2,1083978.9600603636
81633.0,0,101.1607927074649,46.7,100.0,124,P310,2,25,0,7,51261.08880186504
76510.0,0,287.843849480392,40.3,0.15,125,P311,2,25,0,7,427.6149967160958
50963.0,3,85.27438183700943,37.3,0.15,126,P312,4,2,0,2,7023.171668058269
6495.0,4,140.2642933734214,31.2,100.0,127,P313,3,2,0,1,560410.483320833
12729.0,0,261.2472339323497,36.1,100.0,127,P314,2,25,0,7,354073.58633785066
72616.0,1,58.52170548064379,42.4,100.0,128,P315,2,4,0,2,2426501.0797751816
86956.0,3,168.5423538748691,48.3,0.15,128,P316,4,2,0,2,6944.392327011503
96818.0,0,245.2415233484069,51.6,0.15,128,P317,2,25,0,7,8977.96147753212
78782.0,2,90.3666252328994,36.3,100.0,128,P318,3,4,0,2,388367.5318572435
71802.0,4,70.8195127885223,49.6,100.0,129,P319,3,2,0,1,59286.875819683984
42247.0,5,122.8531410571425,30.7,0.15,129,P320,9,1,-1,2,2025.6120964313752
46294.0,2,232.3709203540576,38.8,100.0,130,P321,3,4,0,2,3922659.815707002
6849.0,3,197.401810527949,49.7,0.0,131,P322,4,2,0,2,0.0
84850.0,5,92.1955716123295,44.4,0.15,131,P323,9,1,-1,2,4033.874175460806
95307.0,5,160.2561671805082,26.9,100.0,132,P324,9,1,-1,2,4694592.297613712
55530.0,1,153.843837611828,40.4,0.0,132,P325,2,4,0,2,0.0
21148.0,0,248.1009150139407,47.2,100.0,132,P326,2,25,0,7,1255546.3322559472
45870.0,2,237.0847708285991,41.2,100.0,133,P327,3,4,0,2,1068721.7386095088
45805.0,1,135.6797965952737,33.3,0.0,133,P328,2,4,0,2,0.0
51485.0,3,207.7070678970066,33.8,0.15,133,P329,4,2,0,2,6658.046410603968
91420.0,5,236.581922971874,51.9,100.0,133,P330,9,1,-1,2,7440901.897080969
89792.0,3,49.96566991230745,48.9,0.15,133,P331,4,2,0,2,7753.513141384346
19210.0,1,80.852835950651,36.0,100.0,133,P332,2,4,0,2,1228381.2604969805
50269.0,5,92.07521661433924,49.6,100.0,133,P333,9,1,-1,2,2017003.8410254198
7020.0,5,144.5985189267953,41.2,100.0,133,P334,9,1,-1,2,660828.211358887
51857.0,2,154.5410378453627,31.3,100.0,133,P335,3,4,0,2,3254387.0335982624
31109.0,0,157.2669730421595,43.9,0.15,134,P336,2,25,0,7,2942.514532411317
41073.0,4,58.18283954549396,39.1,0.0,134,P337,3,2,0,1,0.0
9302.0,0,266.7971163825389,45.6,0.15,134,P338,2,25,0,7,242.10194540896822
86318.0,4,147.5458894743956,38.5,0.0,135,P339,3,2,0,1,0.0
5260.0,3,240.811485902561,36.7,0.0,135,P340,4,2,0,2,0.0
86461.0,4,143.3781381954899,44.0,0.15,136,P341,3,2,0,1,7564.8207948747795
4020.0,4,53.22275535294649,40.4,0.15,136,P342,3,2,0,1,26.658570072057177
23803.0,0,124.6545811326658,48.7,0.15,136,P343,2,25,0,7,2732.691312908046
35733.0,1,66.76804608038545,51.5,100.0,137,P344,2,4,0,2,39526.72201075094
20794.0,3,233.4061421678034,49.8,0.15,138,P345,4,2,0,2,1327.229867744697
80919.0,4,145.1275867897278,25.3,0.15,138,P346,3,2,0,1,11939.266139132711
6063.0,4,280.7861189641777,47.1,0.15,138,P347,3,2,0,1,204.00756263910233
84111.0,4,158.4546271496926,49.8,0.15,138,P348,3,2,0,1,10366.296436316925
3709.0,3,149.4452854594139,51.0,100.0,138,P349,4,2,0,2,312675.7334062723
38685.0,1,76.65482838104032,46.2,100.0,139,P350,2,4,0,2,3124702.92508338
43598.0,1,89.80751117066976,32.7,0.15,139,P351,2,4,0,2,4398.51136229785
67434.0,4,171.0691486324816,38.8,100.0,140,P352,3,2,0,1,3991786.1391455284
5086.0,5,253.0511035687977,37.6,0.0,140,P353,9,1,-1,2,0.0
80604.0,1,282.4061692095418,49.7,0.15,140,P354,2,4,0,2,9981.410425138694
49911.0,3,240.7313658517066,56.0,0.0,141,P355,4,2,0,2,0.0
71255.0,5,112.8904120402247,51.5,100.0,141,P356,9,1,-1,2,1421125.5000202311
41530.0,1,202.2089098786891,45.9,100.0,141,P357,2,4,0,2,203371.75368161043
78589.0,3,141.9013671988619,24.9,0.15,142,P358,4,2,0,2,10264.075698040113
91979.0,0,44.4324966193831,41.0,100.0,143,P359,2,25,0,7,1196347.2896104571
43423.0,3,152.1990679855006,39.9,100.0,144,P360,4,2,0,2,2111753.1240898715
76296.0,5,267.6145440845214,38.4,0.15,145,P361,9,1,-1,2,10129.428215697919
76035.0,3,191.069221014859,48.8,100.0,145,P362,4,2,0,2,5496412.335747452
3088.0,5,88.14227952859301,50.6,100.0,145,P363,9,1,-1,2,181402.98261568145
66432.0,1,148.8596514276058,50.7,100.0,145,P364,2,4,0,2,3723519.63593842
58187.0,0,222.8545116734668,49.4,0.15,146,P365,2,25,0,7,3116.353710969725
42013.0,3,259.7487037846149,32.3,0.15,146,P366,4,2,0,2,5352.569103355218
66664.0,3,276.3886904122021,48.3,100.0,146,P367,4,2,0,2,5922554.28380952
31039.0,4,41.68522560952535,47.8,100.0,146,P368,3,2,0,1,2464893.7487767697
69190.0,4,59.97042813955236,36.1,100.0,147,P369,3,2,0,1,6713091.931166695
81535.0,3,62.55808533965798,40.2,100.0,147,P370,4,2,0,2,4293504.58388598
25174.0,3,44.08371198955735,40.2,100.0,147,P371,4,2,0,2,2459291.108215378
27854.0,0,185.4829757441156,37.1,0.15,148,P372,2,25,0,7,425.51405298525293
34312.0,2,46.15437109836718,37.0,0.15,148,P373,3,4,0,2,2957.7365125919237
47332.0,5,256.6925085465634,42.0,0.15,149,P374,9,1,-1,2,6963.440913866977
84213.0,5,47.30098543587651,42.2,0.15,150,P375,9,1,-1,2,984.1474958796416
5716.0,1,180.5026875575749,31.5,0.15,150,P376,2,4,0,2,797.5482935409326
4414.0,3,91.82230548901777,36.4,0.15,151,P377,4,2,0,2,405.5809281876054
9317.0,0,156.6338861402219,48.7,0.15,151,P378,2,25,0,7,679.4653963655682
62547.0,4,136.8679839806483,38.6,0.15,151,P379,3,2,0,1,7153.585821245509
53024.0,3,201.9901778447823,43.6,100.0,152,P380,4,2,0,2,3751798.508285237
46431.0,0,51.11618849273874,51.0,0.15,152,P381,2,25,0,7,2135.3480912710465
76430.0,0,231.033387225855,34.0,100.0,152,P382,2,25,0,7,750340.4945720767
94867.0,4,175.5880908601054,43.3,100.0,152,P383,3,2,0,1,3246864.0371066467
81378.0,1,256.2105606886444,48.0,0.0,152,P384,2,4,0,2,0.0
85982.0,3,204.3814974116403,43.6,0.0,152,P385,4,2,0,2,0.0
76927.0,3,138.8848727171229,40.3,0.15,152,P386,4,2,0,2,10961.804872529661
40884.0,5,94.39548725841391,40.3,0.15,152,P387,9,1,-1,2,2647.2492701507463
58029.0,2,142.1825318921656,49.0,0.15,152,P388,3,4,0,2,7512.7921493376925
9775.0,1,256.6467600894244,30.5,100.0,152,P389,2,4,0,2,765261.7297238865
18294.0,3,152.1397752989501,34.8,100.0,152,P390,4,2,0,2,1137108.5064690812
32361.0,0,156.2150495849712,41.3,100.0,152,P391,2,25,0,7,794099.2463698239
39679.0,3,154.4581309042573,26.6,100.0,152,P392,4,2,0,2,268491.8780728597
85999.0,3,267.7455575437464,23.6,0.15,152,P393,4,2,0,2,3436.8541026816115
45974.0,5,77.38099668588382,33.2,0.15,153,P394,9,1,-1,2,2322.5697374937918
9873.0,3,55.6219460495924,48.9,100.0,154,P395,4,2,0,2,854752.5702379387
87615.0,5,52.78721790505399,35.5,0.0,154,P396,9,1,-1,2,0.0
50864.0,0,108.8396874859961,50.8,0.15,154,P397,2,25,0,7,6627.001927988856
51760.0,1,186.2214342591402,49.9,0.15,155,P398,2,4,0,2,2340.5019654409384
73708.0,1,117.161157661853,42.9,100.0,155,P399,2,4,0,2,2038199.1695809204
85792.0,2,53.87394901141685,47.0,0.15,155,P400,3,4,0,2,12836.900936646614
55352.0,5,79.76325154638023,48.3,0.15,155,P401,9,1,-1,2,416.6241333307954
69192.0,4,240.7708526038245,32.7,0.15,155,P402,3,2,0,1,8814.123664698556
26833.0,0,236.1210619351932,51.3,0.15,156,P403,2,25,0,7,2291.132619164144
16725.0,0,202.3100717774699,36.4,100.0,157,P404,2,25,0,7,680221.670643604
75841.0,1,242.6013660994719,38.3,0.0,157,P405,2,4,0,2,0.0
87705.0,1,117.3226484834098,38.1,100.0,157,P406,2,4,0,2,50540.91433821273
40979.0,3,227.4138371204939,35.7,100.0,157,P407,4,2,0,2,3267467.2556997617
32504.0,3,53.5770602566613,29.3,100.0,157,P408,4,2,0,2,175634.80412181644
74466.0,5,279.348796048449,34.7,0.15,158,P409,9,1,-1,2,10613.67097090284
98687.0,0,178.3140000012774,49.4,0.15,159,P410,2,25,0,7,2289.030859719956
98759.0,1,43.74597094002784,45.7,0.0,159,P411,2,4,0,2,0.0
47545.0,4,145.2390596667318,32.4,100.0,159,P412,3,2,0,1,1485247.540872231
2201.0,5,177.4077523218087,43.8,0.15,159,P413,9,1,-1,2,228.06127368297237
13455.0,3,101.7122853143394,43.4,0.15,159,P414,4,2,0,2,548.7868206907302
36317.0,5,170.4790918400057,47.5,0.15,159,P415,9,1,-1,2,274.85907723185204
13138.0,1,204.1253351566874,50.9,0.15,159,P416,2,4,0,2,878.1771773667595
99788.0,2,270.1667707965788,41.9,0.15,159,P417,3,4,0,2,4754.542918015961
82304.0,3,139.0126414573757,40.6,0.15,159,P418,4,2,0,2,1648.5324492500142
74207.0,5,183.2771438396001,50.1,100.0,159,P419,9,1,-1,2,2293080.7659482914
65889.0,4,90.49792918644562,37.0,0.15,159,P420,3,2,0,1,6584.19923320052
98868.0,0,115.5754819562887,41.6,100.0,159,P421,2,25,0,7,1412351.0550999038
79825.0,2,159.185826494979,42.0,100.0,160,P422,3,4,0,2,1630995.7034263252
91223.0,1,258.1607291994599,41.5,100.0,161,P423,2,4,0,2,6908724.831420174
95604.0,0,209.8958209417392,45.7,0.15,162,P424,2,25,0,7,3725.2169865446494
38352.0,5,49.54006142118031,32.6,100.0,162,P425,9,1,-1,2,1183237.2982586299
1495.0,2,237.0854322606415,29.5,100.0,162,P426,3,4,0,2,137334.8693370309
36055.0,2,100.0496775938696,37.1,100.0,163,P427,3,4,0,2,512730.7087176725
12114.0,5,208.1023915110562,37.0,0.15,164,P428,9,1,-1,2,1665.0265036405392
59922.0,0,158.7708971311435,50.6,100.0,164,P429,2,25,0,7,1071152.927542311
61722.0,4,273.1071943734065,43.5,0.15,164,P430,3,2,0,1,3412.3449984163753
85670.0,3,56.67664244033974,47.9,100.0,165,P431,4,2,0,2,7484632.003666954
93681.0,5,121.1958026624389,45.2,100.0,165,P432,9,1,-1,2,7402226.368761989
40021.0,2,198.5526945751656,54.2,100.0,166,P433,3,4,0,2,1761042.9926928708
63454.0,4,56.37142502177008,49.9,0.15,166,P434,3,2,0,1,2371.6328198067413
1389.0,1,136.9791753585054,39.2,0.0,166,P435,2,4,0,2,0.0
27797.0,4,186.4945733428353,37.4,0.15,167,P436,3,2,0,1,3185.76397164864
57448.0,0,226.8285646107346,45.5,0.15,167,P437,2,25,0,7,500.17170691865863
54185.0,4,52.73016656362039,49.8,0.0,167,P438,3,2,0,1,0.0
95117.0,3,81.35484151328286,43.7,0.15,167,P439,4,2,0,2,6595.24835602285
75346.0,4,112.8909703427203,42.6,100.0,167,P440,3,2,0,1,1557042.628078436
12518.0,2,108.6749786336012,41.3,0.15,167,P441,3,4,0,2,816.0874697369454
2921.0,5,128.3647182121037,23.2,100.0,168,P442,9,1,-1,2,279325.0667054397
44898.0,3,245.8721670063465,40.5,100.0,168,P443,4,2,0,2,903548.2117825637
21233.0,2,239.8247577301098,50.3,0.15,168,P444,3,4,0,2,1022.3224527867682
28962.0,2,160.0299176356216,35.9,100.0,169,P445,3,4,0,2,1443597.705894918
51128.0,5,147.695772801924,28.9,100.0,170,P446,9,1,-1,2,1120134.4100396016
78548.0,5,78.07077110382122,50.7,100.0,170,P447,9,1,-1,2,7458957.783894664
52084.0,3,197.5594739946506,51.5,100.0,170,P448,4,2,0,2,1171416.047311844
13248.0,0,198.0826552630226,41.4,100.0,171,P449,2,25,0,7,836640.9362923809
66166.0,1,121.9432605726901,42.6,0.15,172,P450,2,4,0,2,495.93255505970404
78903.0,3,274.8930641138034,43.7,0.15,172,P451,4,2,0,2,7267.965979207468
45118.0,3,109.8516494222431,51.5,0.15,173,P452,4,2,0,2,661.2761741485297
14969.0,0,246.3145885575019,40.7,100.0,174,P453,2,25,0,7,726124.4443126803
80606.0,2,118.3468744533103,51.5,100.0,174,P454,3,4,0,2,7983504.133098979
85560.0,0,89.93868822390837,49.8,0.0,175,P455,2,25,0,7,0.0
59880.0,5,141.3144803499251,50.1,100.0,176,P456,9,1,-1,2,5589561.994740534
51115.0,3,138.2947985951932,47.6,0.15,176,P457,4,2,0,2,3582.306725387245
36984.0,0,64.22762400728564,52.0,0.15,176,P458,2,25,0,7,3455.8380626777243
66783.0,0,118.5012214479769,44.1,100.0,177,P459,2,25,0,7,171874.13998763173
12186.0,5,290.4121060931514,50.0,0.15,178,P460,9,1,-1,2,1027.926686648323
12967.0,3,264.2297812251189,43.7,100.0,179,P461,4,2,0,2,559947.1251750932
87673.0,3,203.0100004721275,29.7,100.0,179,P462,4,2,0,2,5729174.281992967
29805.0,0,265.5726244322809,40.9,100.0,179,P463,2,25,0,7,1982974.8609288842
50507.0,5,92.9450610620322,47.0,100.0,180,P464,9,1,-1,2,595399.0518301098
14316.0,5,235.4279724333608,43.2,0.15,181,P465,9,1,-1,2,342.6812872262746
86469.0,5,206.5716096209125,45.8,0.15,181,P466,9,1,-1,2,4979.588670542998
92534.0,3,198.4659704847239,29.8,100.0,182,P467,4,2,0,2,3202635.123503387
16314.0,2,106.8064375866175,39.7,0.0,183,P468,3,4,0,2,0.0
64878.0,1,284.172958858913,39.7,0.15,184,P469,2,4,0,2,8386.185165862404
82710.0,1,184.1178741361378,27.5,0.0,185,P470,2,4,0,2,0.0
62161.0,2,161.4832525480265,50.6,0.15,185,P471,3,4,0,2,2162.7440533595955
53364.0,2,179.7160962158646,51.4,0.15,185,P472,3,4,0,2,3475.0327605361804
72187.0,4,76.39446625066579,45.5,0.15,185,P473,3,2,0,1,5683.458766346764
67605.0,3,166.9628239513961,47.3,0.15,185,P474,4,2,0,2,2430.734619843092
17163.0,4,74.98892394571459,53.4,0.15,186,P475,3,2,0,1,957.2696288760516
28398.0,4,97.72983390991908,49.1,0.15,187,P476,3,2,0,1,3327.3232897544995
44227.0,1,245.5965055340591,45.2,0.15,188,P477,2,4,0,2,2062.0155535425524
43054.0,5,114.6572594892101,45.1,0.0,188,P478,9,1,-1,2,0.0
9888.0,5,239.5991392863297,42.6,0.0,189,P479,9,1,-1,2,0.0
30328.0,2,211.5329601404669,39.5,0.0,190,P480,3,4,0,2,0.0
20967.0,2,220.8095491291157,43.1,100.0,190,P481,3,4,0,2,422407.5053716816
47243.0,5,94.01171131624879,40.7,100.0,190,P482,9,1,-1,2,1524304.6968248668
66097.0,2,234.0541250673693,54.9,0.15,191,P483,3,4,0,2,8105.4838949751265
33466.0,5,134.1788046080217,47.3,100.0,192,P484,9,1,-1,2,3198410.5418306375
62831.0,2,110.3535738047083,44.6,0.15,193,P485,3,4,0,2,102.88858046010522
68809.0,1,202.9087484706587,43.5,0.15,194,P486,2,4,0,2,4124.062484267169
60030.0,1,143.7088257397934,27.8,100.0,195,P487,2,4,0,2,5023775.052809985
24930.0,0,72.31506231034541,43.5,0.15,195,P488,2,25,0,7,3104.7866819678325
31387.0,1,86.51024008602829,36.9,0.15,195,P489,2,4,0,2,1014.663246425091
28798.0,1,275.4292101256781,48.8,100.0,195,P490,2,4,0,2,1956822.2114741006
15087.0,5,206.1084872430035,30.0,0.15,195,P491,9,1,-1,2,892.2944743950842
60826.0,3,60.80520855862325,53.5,100.0,195,P492,4,2,0,2,4563753.135455511
82703.0,5,200.5775333446588,55.6,100.0,195,P493,9,1,-1,2,2843886.5479201633
98789.0,3,101.5523114328351,35.7,0.15,196,P494,4,2,0,2,6616.549742747932
83464.0,1,288.887693983187,50.6,0.15,196,P495,2,4,0,2,6643.316639046271
23642.0,4,229.0700021509612,33.0,0.15,196,P496,3,2,0,1,1864.7821209736273
43507.0,5,220.8839113569795,46.0,100.0,197,P497,9,1,-1,2,3655935.3472033977
18533.0,2,287.8413290014652,47.1,100.0,197,P498,3,4,0,2,323655.3542135471
52421.0,2,238.4804253655062,49.5,100.0,197,P499,3,4,0,2,2219871.3415777795
